<metadata xml:lang="en"><Esri><CreaDate>20130110</CreaDate><CreaTime>17205300</CreaTime><ArcGISFormat>1.0</ArcGISFormat><ArcGISstyle>ISO 19139 Metadata Implementation Specification</ArcGISstyle><SyncOnce>FALSE</SyncOnce><DataProperties><itemProps><itemName Sync="TRUE">boston_buildings</itemName><imsContentType Sync="TRUE">002</imsContentType><nativeExtBox><westBL Sync="TRUE">741107.958659</westBL><eastBL Sync="TRUE">811706.067790</eastBL><southBL Sync="TRUE">2908786.526845</southBL><northBL Sync="TRUE">2970730.727759</northBL><exTypeCode Sync="TRUE">1</exTypeCode></nativeExtBox><itemLocation><linkage Sync="TRUE">file://\\autoli\autolidepts\GISData\projects\Bill\Data requests\Shapefiles\2013\August\boston_buildings.shp</linkage><protocol Sync="TRUE">Local Area Network</protocol></itemLocation><itemSize Sync="TRUE">0.000</itemSize></itemProps><coordRef><type Sync="TRUE">Projected</type><geogcsn Sync="TRUE">GCS_North_American_1983</geogcsn><csUnits Sync="TRUE">Linear Unit: Foot_US (0.304801)</csUnits><projcsn Sync="TRUE">NAD_1983_StatePlane_Massachusetts_Mainland_FIPS_2001_Feet</projcsn><peXml Sync="TRUE">&lt;ProjectedCoordinateSystem xsi:type='typens:ProjectedCoordinateSystem' xmlns:xsi='http://www.w3.org/2001/XMLSchema-instance' xmlns:xs='http://www.w3.org/2001/XMLSchema' xmlns:typens='http://www.esri.com/schemas/ArcGIS/10.1'&gt;&lt;WKT&gt;PROJCS[&amp;quot;NAD_1983_StatePlane_Massachusetts_Mainland_FIPS_2001_Feet&amp;quot;,GEOGCS[&amp;quot;GCS_North_American_1983&amp;quot;,DATUM[&amp;quot;D_North_American_1983&amp;quot;,SPHEROID[&amp;quot;GRS_1980&amp;quot;,6378137.0,298.257222101]],PRIMEM[&amp;quot;Greenwich&amp;quot;,0.0],UNIT[&amp;quot;Degree&amp;quot;,0.0174532925199433]],PROJECTION[&amp;quot;Lambert_Conformal_Conic&amp;quot;],PARAMETER[&amp;quot;False_Easting&amp;quot;,656166.6666666665],PARAMETER[&amp;quot;False_Northing&amp;quot;,2460625.0],PARAMETER[&amp;quot;Central_Meridian&amp;quot;,-71.5],PARAMETER[&amp;quot;Standard_Parallel_1&amp;quot;,41.71666666666667],PARAMETER[&amp;quot;Standard_Parallel_2&amp;quot;,42.68333333333333],PARAMETER[&amp;quot;Latitude_Of_Origin&amp;quot;,41.0],UNIT[&amp;quot;Foot_US&amp;quot;,0.3048006096012192],AUTHORITY[&amp;quot;EPSG&amp;quot;,2249]],VERTCS[&amp;quot;NAVD_1988&amp;quot;,VDATUM[&amp;quot;North_American_Vertical_Datum_1988&amp;quot;],PARAMETER[&amp;quot;Vertical_Shift&amp;quot;,0.0],PARAMETER[&amp;quot;Direction&amp;quot;,1.0],UNIT[&amp;quot;Foot_US&amp;quot;,0.3048006096012192]]&lt;/WKT&gt;&lt;XOrigin&gt;-119851500&lt;/XOrigin&gt;&lt;YOrigin&gt;-94498200&lt;/YOrigin&gt;&lt;XYScale&gt;37371882.687749371&lt;/XYScale&gt;&lt;ZOrigin&gt;-100000&lt;/ZOrigin&gt;&lt;ZScale&gt;3048.0060960121923&lt;/ZScale&gt;&lt;MOrigin&gt;-100000&lt;/MOrigin&gt;&lt;MScale&gt;10000&lt;/MScale&gt;&lt;XYTolerance&gt;0.0032808333333333331&lt;/XYTolerance&gt;&lt;ZTolerance&gt;0.0032808333333333331&lt;/ZTolerance&gt;&lt;MTolerance&gt;0.001&lt;/MTolerance&gt;&lt;HighPrecision&gt;true&lt;/HighPrecision&gt;&lt;WKID&gt;102686&lt;/WKID&gt;&lt;LatestWKID&gt;2249&lt;/LatestWKID&gt;&lt;/ProjectedCoordinateSystem&gt;</peXml></coordRef><lineage><Process ToolSource="c:\program files (x86)\arcgis\desktop10.0\ArcToolbox\Toolboxes\Conversion Tools.tbx\FeatureClassToFeatureClass" Date="20121220" Time="101755" Name="" export="">FeatureClassToFeatureClass "\\autoli\autolidepts\GISData\projects\Flyover and Planimetrics 2011\phase_2_data_conflation\block_2\data\City_of_Boston_MA_Planimetric_GIS_Basemap_Conflation_Seamless.gdb\Planimetric\BUILDINGS" "Database Connections\MIS@egis@cobvsql.sde" building_footprint # "BLDG_ID "BLDG_ID" true true false 30 Text 0 0 ,First,#,\\autoli\autolidepts\GISData\projects\Flyover and Planimetrics 2011\phase_2_data_conflation\block_2\data\City_of_Boston_MA_Planimetric_GIS_Basemap_Conflation_Seamless.gdb\Planimetric\BUILDINGS,BLDG_ID,-1,-1;PARCEL_ID "PARCEL_ID" true true false 10 Text 0 0 ,First,#,\\autoli\autolidepts\GISData\projects\Flyover and Planimetrics 2011\phase_2_data_conflation\block_2\data\City_of_Boston_MA_Planimetric_GIS_Basemap_Conflation_Seamless.gdb\Planimetric\BUILDINGS,PARCEL_ID,-1,-1;ADDRESS_ID "ADDRESS_ID" true true false 50 Text 0 0 ,First,#,\\autoli\autolidepts\GISData\projects\Flyover and Planimetrics 2011\phase_2_data_conflation\block_2\data\City_of_Boston_MA_Planimetric_GIS_Basemap_Conflation_Seamless.gdb\Planimetric\BUILDINGS,ADDRESS_ID,-1,-1;PART_ADDRE "PART_ADDRE" true true false 50 Text 0 0 ,First,#,\\autoli\autolidepts\GISData\projects\Flyover and Planimetrics 2011\phase_2_data_conflation\block_2\data\City_of_Boston_MA_Planimetric_GIS_Basemap_Conflation_Seamless.gdb\Planimetric\BUILDINGS,PART_ADDRE,-1,-1;PART_ID "PART_ID" true true false 30 Text 0 0 ,First,#,\\autoli\autolidepts\GISData\projects\Flyover and Planimetrics 2011\phase_2_data_conflation\block_2\data\City_of_Boston_MA_Planimetric_GIS_Basemap_Conflation_Seamless.gdb\Planimetric\BUILDINGS,PART_ID,-1,-1;PART_NAME "PART_NAME" true true false 30 Text 0 0 ,First,#,\\autoli\autolidepts\GISData\projects\Flyover and Planimetrics 2011\phase_2_data_conflation\block_2\data\City_of_Boston_MA_Planimetric_GIS_Basemap_Conflation_Seamless.gdb\Planimetric\BUILDINGS,PART_NAME,-1,-1;PART_USE "PART_USE" true true false 2 Text 0 0 ,First,#,\\autoli\autolidepts\GISData\projects\Flyover and Planimetrics 2011\phase_2_data_conflation\block_2\data\City_of_Boston_MA_Planimetric_GIS_Basemap_Conflation_Seamless.gdb\Planimetric\BUILDINGS,PART_USE,-1,-1;PART_BRA_U "PART_BRA_U" true true false 2 Text 0 0 ,First,#,\\autoli\autolidepts\GISData\projects\Flyover and Planimetrics 2011\phase_2_data_conflation\block_2\data\City_of_Boston_MA_Planimetric_GIS_Basemap_Conflation_Seamless.gdb\Planimetric\BUILDINGS,PART_BRA_U,-1,-1;PART_CONTA "PART_CONTA" true true false 50 Text 0 0 ,First,#,\\autoli\autolidepts\GISData\projects\Flyover and Planimetrics 2011\phase_2_data_conflation\block_2\data\City_of_Boston_MA_Planimetric_GIS_Basemap_Conflation_Seamless.gdb\Planimetric\BUILDINGS,PART_CONTA,-1,-1;PART_STATU "PART_STATU" true true false 10 Text 0 0 ,First,#,\\autoli\autolidepts\GISData\projects\Flyover and Planimetrics 2011\phase_2_data_conflation\block_2\data\City_of_Boston_MA_Planimetric_GIS_Basemap_Conflation_Seamless.gdb\Planimetric\BUILDINGS,PART_STATU,-1,-1;PART_VIEW_ "PART_VIEW_" true true false 10 Text 0 0 ,First,#,\\autoli\autolidepts\GISData\projects\Flyover and Planimetrics 2011\phase_2_data_conflation\block_2\data\City_of_Boston_MA_Planimetric_GIS_Basemap_Conflation_Seamless.gdb\Planimetric\BUILDINGS,PART_VIEW_,-1,-1;PART_FOOT_ "PART_FOOT_" true true false 8 Double 0 0 ,First,#,\\autoli\autolidepts\GISData\projects\Flyover and Planimetrics 2011\phase_2_data_conflation\block_2\data\City_of_Boston_MA_Planimetric_GIS_Basemap_Conflation_Seamless.gdb\Planimetric\BUILDINGS,PART_FOOT_,-1,-1;PART_ROOF_ "PART_ROOF_" true true false 8 Double 0 0 ,First,#,\\autoli\autolidepts\GISData\projects\Flyover and Planimetrics 2011\phase_2_data_conflation\block_2\data\City_of_Boston_MA_Planimetric_GIS_Basemap_Conflation_Seamless.gdb\Planimetric\BUILDINGS,PART_ROOF_,-1,-1;PART_HGT "PART_HGT" true true false 8 Double 0 0 ,First,#,\\autoli\autolidepts\GISData\projects\Flyover and Planimetrics 2011\phase_2_data_conflation\block_2\data\City_of_Boston_MA_Planimetric_GIS_Basemap_Conflation_Seamless.gdb\Planimetric\BUILDINGS,PART_HGT,-1,-1;PART_FLRS_ "PART_FLRS_" true true false 6 Text 0 0 ,First,#,\\autoli\autolidepts\GISData\projects\Flyover and Planimetrics 2011\phase_2_data_conflation\block_2\data\City_of_Boston_MA_Planimetric_GIS_Basemap_Conflation_Seamless.gdb\Planimetric\BUILDINGS,PART_FLRS_,-1,-1;PART_GROSS "PART_GROSS" true true false 8 Double 0 0 ,First,#,\\autoli\autolidepts\GISData\projects\Flyover and Planimetrics 2011\phase_2_data_conflation\block_2\data\City_of_Boston_MA_Planimetric_GIS_Basemap_Conflation_Seamless.gdb\Planimetric\BUILDINGS,PART_GROSS,-1,-1;PART_ZONE "PART_ZONE" true true false 30 Text 0 0 ,First,#,\\autoli\autolidepts\GISData\projects\Flyover and Planimetrics 2011\phase_2_data_conflation\block_2\data\City_of_Boston_MA_Planimetric_GIS_Basemap_Conflation_Seamless.gdb\Planimetric\BUILDINGS,PART_ZONE,-1,-1;PART_CENTR "PART_CENTR" true true false 8 Double 0 0 ,First,#,\\autoli\autolidepts\GISData\projects\Flyover and Planimetrics 2011\phase_2_data_conflation\block_2\data\City_of_Boston_MA_Planimetric_GIS_Basemap_Conflation_Seamless.gdb\Planimetric\BUILDINGS,PART_CENTR,-1,-1;PART_CEN_1 "PART_CEN_1" true true false 8 Double 0 0 ,First,#,\\autoli\autolidepts\GISData\projects\Flyover and Planimetrics 2011\phase_2_data_conflation\block_2\data\City_of_Boston_MA_Planimetric_GIS_Basemap_Conflation_Seamless.gdb\Planimetric\BUILDINGS,PART_CEN_1,-1,-1;PART_NOTE "PART_NOTE" true true false 30 Text 0 0 ,First,#,\\autoli\autolidepts\GISData\projects\Flyover and Planimetrics 2011\phase_2_data_conflation\block_2\data\City_of_Boston_MA_Planimetric_GIS_Basemap_Conflation_Seamless.gdb\Planimetric\BUILDINGS,PART_NOTE,-1,-1;FLAG "FLAG" true true false 10 Text 0 0 ,First,#,\\autoli\autolidepts\GISData\projects\Flyover and Planimetrics 2011\phase_2_data_conflation\block_2\data\City_of_Boston_MA_Planimetric_GIS_Basemap_Conflation_Seamless.gdb\Planimetric\BUILDINGS,FLAG,-1,-1;Comment "Comment" true true false 50 Text 0 0 ,First,#,\\autoli\autolidepts\GISData\projects\Flyover and Planimetrics 2011\phase_2_data_conflation\block_2\data\City_of_Boston_MA_Planimetric_GIS_Basemap_Conflation_Seamless.gdb\Planimetric\BUILDINGS,Comment,-1,-1;NAME "NAME" true true false 100 Text 0 0 ,First,#,\\autoli\autolidepts\GISData\projects\Flyover and Planimetrics 2011\phase_2_data_conflation\block_2\data\City_of_Boston_MA_Planimetric_GIS_Basemap_Conflation_Seamless.gdb\Planimetric\BUILDINGS,NAME,-1,-1;ADDRESS "ADDRESS" true true false 75 Text 0 0 ,First,#,\\autoli\autolidepts\GISData\projects\Flyover and Planimetrics 2011\phase_2_data_conflation\block_2\data\City_of_Boston_MA_Planimetric_GIS_Basemap_Conflation_Seamless.gdb\Planimetric\BUILDINGS,ADDRESS,-1,-1;NEIGHB "NEIGHB" true true false 50 Text 0 0 ,First,#,\\autoli\autolidepts\GISData\projects\Flyover and Planimetrics 2011\phase_2_data_conflation\block_2\data\City_of_Boston_MA_Planimetric_GIS_Basemap_Conflation_Seamless.gdb\Planimetric\BUILDINGS,NEIGHB,-1,-1;ZIP "ZIP" true true false 10 Text 0 0 ,First,#,\\autoli\autolidepts\GISData\projects\Flyover and Planimetrics 2011\phase_2_data_conflation\block_2\data\City_of_Boston_MA_Planimetric_GIS_Basemap_Conflation_Seamless.gdb\Planimetric\BUILDINGS,ZIP,-1,-1;SOURCE "SOURCE" true true false 50 Text 0 0 ,First,#,\\autoli\autolidepts\GISData\projects\Flyover and Planimetrics 2011\phase_2_data_conflation\block_2\data\City_of_Boston_MA_Planimetric_GIS_Basemap_Conflation_Seamless.gdb\Planimetric\BUILDINGS,SOURCE,-1,-1;Stan_addr "Stan_addr" true true false 79 Text 0 0 ,First,#,\\autoli\autolidepts\GISData\projects\Flyover and Planimetrics 2011\phase_2_data_conflation\block_2\data\City_of_Boston_MA_Planimetric_GIS_Basemap_Conflation_Seamless.gdb\Planimetric\BUILDINGS,Stan_addr,-1,-1;NAME_2 "NAME_2" true true false 50 Text 0 0 ,First,#,\\autoli\autolidepts\GISData\projects\Flyover and Planimetrics 2011\phase_2_data_conflation\block_2\data\City_of_Boston_MA_Planimetric_GIS_Basemap_Conflation_Seamless.gdb\Planimetric\BUILDINGS,NAME_2,-1,-1;CITYST "CITYST" true true false 33 Text 0 0 ,First,#,\\autoli\autolidepts\GISData\projects\Flyover and Planimetrics 2011\phase_2_data_conflation\block_2\data\City_of_Boston_MA_Planimetric_GIS_Basemap_Conflation_Seamless.gdb\Planimetric\BUILDINGS,CITYST,-1,-1;ZIPCODE "ZIPCODE" true true false 5 Text 0 0 ,First,#,\\autoli\autolidepts\GISData\projects\Flyover and Planimetrics 2011\phase_2_data_conflation\block_2\data\City_of_Boston_MA_Planimetric_GIS_Basemap_Conflation_Seamless.gdb\Planimetric\BUILDINGS,ZIPCODE,-1,-1;PLUS_FOUR "PLUS_FOUR" true true false 4 Text 0 0 ,First,#,\\autoli\autolidepts\GISData\projects\Flyover and Planimetrics 2011\phase_2_data_conflation\block_2\data\City_of_Boston_MA_Planimetric_GIS_Basemap_Conflation_Seamless.gdb\Planimetric\BUILDINGS,PLUS_FOUR,-1,-1;MAIN_TEL "MAIN_TEL" true true false 18 Text 0 0 ,First,#,\\autoli\autolidepts\GISData\projects\Flyover and Planimetrics 2011\phase_2_data_conflation\block_2\data\City_of_Boston_MA_Planimetric_GIS_Basemap_Conflation_Seamless.gdb\Planimetric\BUILDINGS,MAIN_TEL,-1,-1;URL "URL" true true false 80 Text 0 0 ,First,#,\\autoli\autolidepts\GISData\projects\Flyover and Planimetrics 2011\phase_2_data_conflation\block_2\data\City_of_Boston_MA_Planimetric_GIS_Basemap_Conflation_Seamless.gdb\Planimetric\BUILDINGS,URL,-1,-1;SITE "SITE" true true false 1 Text 0 0 ,First,#,\\autoli\autolidepts\GISData\projects\Flyover and Planimetrics 2011\phase_2_data_conflation\block_2\data\City_of_Boston_MA_Planimetric_GIS_Basemap_Conflation_Seamless.gdb\Planimetric\BUILDINGS,SITE,-1,-1;L_TYPE "L_TYPE" true true false 14 Text 0 0 ,First,#,\\autoli\autolidepts\GISData\projects\Flyover and Planimetrics 2011\phase_2_data_conflation\block_2\data\City_of_Boston_MA_Planimetric_GIS_Basemap_Conflation_Seamless.gdb\Planimetric\BUILDINGS,L_TYPE,-1,-1;Type_1 "Type_1" true true false 20 Text 0 0 ,First,#,\\autoli\autolidepts\GISData\projects\Flyover and Planimetrics 2011\phase_2_data_conflation\block_2\data\City_of_Boston_MA_Planimetric_GIS_Basemap_Conflation_Seamless.gdb\Planimetric\BUILDINGS,Type_1,-1,-1;TYPE "TYPE" true true false 8 Text 0 0 ,First,#,\\autoli\autolidepts\GISData\projects\Flyover and Planimetrics 2011\phase_2_data_conflation\block_2\data\City_of_Boston_MA_Planimetric_GIS_Basemap_Conflation_Seamless.gdb\Planimetric\BUILDINGS,TYPE,-1,-1;PRVTSCH_ID "PRVTSCH_ID" true true false 8 Double 0 0 ,First,#,\\autoli\autolidepts\GISData\projects\Flyover and Planimetrics 2011\phase_2_data_conflation\block_2\data\City_of_Boston_MA_Planimetric_GIS_Basemap_Conflation_Seamless.gdb\Planimetric\BUILDINGS,PRVTSCH_ID,-1,-1;CT90 "CT90" true true false 8 Text 0 0 ,First,#,\\autoli\autolidepts\GISData\projects\Flyover and Planimetrics 2011\phase_2_data_conflation\block_2\data\City_of_Boston_MA_Planimetric_GIS_Basemap_Conflation_Seamless.gdb\Planimetric\BUILDINGS,CT90,-1,-1;STATUS "STATUS" true true false 20 Text 0 0 ,First,#,\\autoli\autolidepts\GISData\projects\Flyover and Planimetrics 2011\phase_2_data_conflation\block_2\data\City_of_Boston_MA_Planimetric_GIS_Basemap_Conflation_Seamless.gdb\Planimetric\BUILDINGS,STATUS,-1,-1;PLACE10_SF "PLACE10_SF" true true false 4 Long 0 0 ,First,#,\\autoli\autolidepts\GISData\projects\Flyover and Planimetrics 2011\phase_2_data_conflation\block_2\data\City_of_Boston_MA_Planimetric_GIS_Basemap_Conflation_Seamless.gdb\Planimetric\BUILDINGS,PLACE10_SF,-1,-1;PLACE10_VAL "PLACE10_VAL" true true false 4 Long 0 0 ,First,#,\\autoli\autolidepts\GISData\projects\Flyover and Planimetrics 2011\phase_2_data_conflation\block_2\data\City_of_Boston_MA_Planimetric_GIS_Basemap_Conflation_Seamless.gdb\Planimetric\BUILDINGS,PLACE10_VAL,-1,-1;GRND_ELEV_2010 "GRND_ELEV_2010" true true false 8 Double 0 0 ,First,#,\\autoli\autolidepts\GISData\projects\Flyover and Planimetrics 2011\phase_2_data_conflation\block_2\data\City_of_Boston_MA_Planimetric_GIS_Basemap_Conflation_Seamless.gdb\Planimetric\BUILDINGS,GRND_ELEV_2010,-1,-1;ROOF_ELEV_2010 "ROOF_ELEV_2010" true true false 8 Double 0 0 ,First,#,\\autoli\autolidepts\GISData\projects\Flyover and Planimetrics 2011\phase_2_data_conflation\block_2\data\City_of_Boston_MA_Planimetric_GIS_Basemap_Conflation_Seamless.gdb\Planimetric\BUILDINGS,ROOF_ELEV_2010,-1,-1;BLDG_HGT_2010 "BLDG_HGT_2010" true true false 8 Double 0 0 ,First,#,\\autoli\autolidepts\GISData\projects\Flyover and Planimetrics 2011\phase_2_data_conflation\block_2\data\City_of_Boston_MA_Planimetric_GIS_Basemap_Conflation_Seamless.gdb\Planimetric\BUILDINGS,BLDG_HGT_2010,-1,-1;Area "Area" true true false 8 Double 0 0 ,First,#,\\autoli\autolidepts\GISData\projects\Flyover and Planimetrics 2011\phase_2_data_conflation\block_2\data\City_of_Boston_MA_Planimetric_GIS_Basemap_Conflation_Seamless.gdb\Planimetric\BUILDINGS,Area,-1,-1;Perimeter "Perimeter" true true false 8 Double 0 0 ,First,#,\\autoli\autolidepts\GISData\projects\Flyover and Planimetrics 2011\phase_2_data_conflation\block_2\data\City_of_Boston_MA_Planimetric_GIS_Basemap_Conflation_Seamless.gdb\Planimetric\BUILDINGS,Perimeter,-1,-1;IEL_TYPE "IEL_TYPE" true true false 50 Text 0 0 ,First,#,\\autoli\autolidepts\GISData\projects\Flyover and Planimetrics 2011\phase_2_data_conflation\block_2\data\City_of_Boston_MA_Planimetric_GIS_Basemap_Conflation_Seamless.gdb\Planimetric\BUILDINGS,IEL_TYPE,-1,-1;BASE_ELEV "BASE_ELEV" true true false 8 Double 0 0 ,First,#,\\autoli\autolidepts\GISData\projects\Flyover and Planimetrics 2011\phase_2_data_conflation\block_2\data\City_of_Boston_MA_Planimetric_GIS_Basemap_Conflation_Seamless.gdb\Planimetric\BUILDINGS,BASE_ELEV,-1,-1;ELEV_SL "ELEV_SL" true true false 8 Double 0 0 ,First,#,\\autoli\autolidepts\GISData\projects\Flyover and Planimetrics 2011\phase_2_data_conflation\block_2\data\City_of_Boston_MA_Planimetric_GIS_Basemap_Conflation_Seamless.gdb\Planimetric\BUILDINGS,ELEV_SL,-1,-1;TOP_SL "TOP_SL" true true false 8 Double 0 0 ,First,#,\\autoli\autolidepts\GISData\projects\Flyover and Planimetrics 2011\phase_2_data_conflation\block_2\data\City_of_Boston_MA_Planimetric_GIS_Basemap_Conflation_Seamless.gdb\Planimetric\BUILDINGS,TOP_SL,-1,-1;ELEV_GL "ELEV_GL" true true false 8 Double 0 0 ,First,#,\\autoli\autolidepts\GISData\projects\Flyover and Planimetrics 2011\phase_2_data_conflation\block_2\data\City_of_Boston_MA_Planimetric_GIS_Basemap_Conflation_Seamless.gdb\Planimetric\BUILDINGS,ELEV_GL,-1,-1;TOP_GL "TOP_GL" true true false 8 Double 0 0 ,First,#,\\autoli\autolidepts\GISData\projects\Flyover and Planimetrics 2011\phase_2_data_conflation\block_2\data\City_of_Boston_MA_Planimetric_GIS_Basemap_Conflation_Seamless.gdb\Planimetric\BUILDINGS,TOP_GL,-1,-1;SHAPE_Length "SHAPE_Length" false true true 8 Double 0 0 ,First,#,\\autoli\autolidepts\GISData\projects\Flyover and Planimetrics 2011\phase_2_data_conflation\block_2\data\City_of_Boston_MA_Planimetric_GIS_Basemap_Conflation_Seamless.gdb\Planimetric\BUILDINGS,SHAPE_Length,-1,-1;SHAPE_Area "SHAPE_Area" false true true 8 Double 0 0 ,First,#,\\autoli\autolidepts\GISData\projects\Flyover and Planimetrics 2011\phase_2_data_conflation\block_2\data\City_of_Boston_MA_Planimetric_GIS_Basemap_Conflation_Seamless.gdb\Planimetric\BUILDINGS,SHAPE_Area,-1,-1" #</Process><Process ToolSource="c:\program files (x86)\arcgis\desktop10.0\ArcToolbox\Toolboxes\Conversion Tools.tbx\FeatureClassToFeatureClass" Date="20130110" Time="164937" Name="" export="">FeatureClassToFeatureClass "Database Connections\MIS@egis@cobvsql.sde\egis.MIS.buildings" \\autoli\autolidepts\GISData\projects\Archive\Backup\MIS\MIS.gdb buildings_update_01102013 # "BUILDING_ID "BUILDING_ID" true true false 30 Text 0 0 ,First,#,Database Connections\MIS@egis@cobvsql.sde\egis.MIS.buildings,BLDG_ID,-1,-1;PARCEL_ID "PARCEL_ID" true true false 10 Text 0 0 ,First,#,Database Connections\MIS@egis@cobvsql.sde\egis.MIS.buildings,PARCEL_ID,-1,-1;ADDRESS_ID "ADDRESS_ID" true true false 50 Text 0 0 ,First,#,Database Connections\MIS@egis@cobvsql.sde\egis.MIS.buildings,ADDRESS_ID,-1,-1;PART_ADDRESS "PART_ADDRESS" true true false 50 Text 0 0 ,First,#,Database Connections\MIS@egis@cobvsql.sde\egis.MIS.buildings,PART_ADDRE,-1,-1;PART_ID "PART_ID" true true false 30 Text 0 0 ,First,#,Database Connections\MIS@egis@cobvsql.sde\egis.MIS.buildings,PART_ID,-1,-1;PART_USE "PART_USE" true true false 2 Text 0 0 ,First,#,Database Connections\MIS@egis@cobvsql.sde\egis.MIS.buildings,PART_USE,-1,-1;PART_BRA_USE "PART_BRA_USE" true true false 2 Text 0 0 ,First,#,Database Connections\MIS@egis@cobvsql.sde\egis.MIS.buildings,PART_BRA_U,-1,-1;PART_CONTACT "PART_CONTACT" true true false 50 Text 0 0 ,First,#,Database Connections\MIS@egis@cobvsql.sde\egis.MIS.buildings,PART_CONTA,-1,-1;PART_STATUS "PART_STATUS" true true false 10 Text 0 0 ,First,#,Database Connections\MIS@egis@cobvsql.sde\egis.MIS.buildings,PART_STATU,-1,-1;PART_VIEW "PART_VIEW" true true false 10 Text 0 0 ,First,#,Database Connections\MIS@egis@cobvsql.sde\egis.MIS.buildings,PART_VIEW_,-1,-1;PART_FOOT "PART_FOOT" true true false 8 Double 8 38 ,First,#,Database Connections\MIS@egis@cobvsql.sde\egis.MIS.buildings,PART_FOOT_,-1,-1;PART_ROOF "PART_ROOF" true true false 8 Double 8 38 ,First,#,Database Connections\MIS@egis@cobvsql.sde\egis.MIS.buildings,PART_ROOF_,-1,-1;PART_HEIGHT "PART_HEIGHT" true true false 8 Double 8 38 ,First,#,Database Connections\MIS@egis@cobvsql.sde\egis.MIS.buildings,PART_HGT,-1,-1;PART_FLOORS "PART_FLOORS" true true false 6 Text 0 0 ,First,#,Database Connections\MIS@egis@cobvsql.sde\egis.MIS.buildings,PART_FLRS_,-1,-1;PART_GROSS "PART_GROSS" true true false 8 Double 8 38 ,First,#,Database Connections\MIS@egis@cobvsql.sde\egis.MIS.buildings,PART_GROSS,-1,-1;PART_CENTER "PART_CENTER" true true false 8 Double 8 38 ,First,#,Database Connections\MIS@egis@cobvsql.sde\egis.MIS.buildings,PART_CENTR,-1,-1;PART_CENTER_1 "PART_CENTER_1" true true false 8 Double 8 38 ,First,#,Database Connections\MIS@egis@cobvsql.sde\egis.MIS.buildings,PART_CEN_1,-1,-1;GROUND_ELEVATION_2010 "GROUND_ELEVATION_2010" true true false 8 Double 8 38 ,First,#,Database Connections\MIS@egis@cobvsql.sde\egis.MIS.buildings,GRND_ELEV_2010,-1,-1;ROOF_ELEVATION_2010 "ROOF_ELEVATION_2010" true true false 8 Double 8 38 ,First,#,Database Connections\MIS@egis@cobvsql.sde\egis.MIS.buildings,ROOF_ELEV_2010,-1,-1;BUILDING_HEIGHT_2010 "BUILDING_HEIGHT_2010" true true false 8 Double 8 38 ,First,#,Database Connections\MIS@egis@cobvsql.sde\egis.MIS.buildings,BLDG_HGT_2010,-1,-1;IEL_TYPE "IEL_TYPE" true true false 50 Text 0 0 ,First,#,Database Connections\MIS@egis@cobvsql.sde\egis.MIS.buildings,IEL_TYPE,-1,-1;BASE_ELEVATION "BASE_ELEVATION" true true false 8 Double 8 38 ,First,#,Database Connections\MIS@egis@cobvsql.sde\egis.MIS.buildings,BASE_ELEV,-1,-1;ELEVATION_SEA_LEVEL "ELEVATION_SEA_LEVEL" true true false 8 Double 8 38 ,First,#,Database Connections\MIS@egis@cobvsql.sde\egis.MIS.buildings,ELEV_SL,-1,-1;TOP_SEA_LEVEL "TOP_SEA_LEVEL" true true false 8 Double 8 38 ,First,#,Database Connections\MIS@egis@cobvsql.sde\egis.MIS.buildings,TOP_SL,-1,-1;ELEVATION_GROUND_LEVEL "ELEVATION_GROUND_LEVEL" true true false 8 Double 8 38 ,First,#,Database Connections\MIS@egis@cobvsql.sde\egis.MIS.buildings,ELEV_GL,-1,-1;TOP_GROUND_LEVEL "TOP_GROUND_LEVEL" true true false 8 Double 8 38 ,First,#,Database Connections\MIS@egis@cobvsql.sde\egis.MIS.buildings,TOP_GL,-1,-1;Shape_area "Shape_area" false false true 0 Double 0 0 ,First,#,Database Connections\MIS@egis@cobvsql.sde\egis.MIS.buildings,Shape.area,-1,-1;Shape_len "Shape_len" false false true 0 Double 0 0 ,First,#,Database Connections\MIS@egis@cobvsql.sde\egis.MIS.buildings,Shape.len,-1,-1" #</Process><Process ToolSource="c:\program files (x86)\arcgis\desktop10.1\ArcToolbox\Toolboxes\Conversion Tools.tbx\FeatureClassToFeatureClass" Date="20130813" Time="150943">FeatureClassToFeatureClass "Database Connections\GISVIEWER@egis@cobvsqlgis.sde\egis.MIS.buildings" "\\autoli\autolidepts\GISData\projects\Bill\Data requests\Shapefiles\2013\August" boston_buildings.shp # "BUILDING_I "BUILDING_ID" true true false 30 Text 0 0 ,First,#,Database Connections\GISVIEWER@egis@cobvsqlgis.sde\egis.MIS.buildings,BUILDING_ID,-1,-1;PARCEL_ID "PARCEL_ID" true true false 10 Text 0 0 ,First,#,Database Connections\GISVIEWER@egis@cobvsqlgis.sde\egis.MIS.buildings,PARCEL_ID,-1,-1;ADDRESS_ID "ADDRESS_ID" true true false 50 Text 0 0 ,First,#,Database Connections\GISVIEWER@egis@cobvsqlgis.sde\egis.MIS.buildings,ADDRESS_ID,-1,-1;PART_ADDRE "PART_ADDRESS" true true false 50 Text 0 0 ,First,#,Database Connections\GISVIEWER@egis@cobvsqlgis.sde\egis.MIS.buildings,PART_ADDRESS,-1,-1;PART_ID "PART_ID" true true false 30 Text 0 0 ,First,#,Database Connections\GISVIEWER@egis@cobvsqlgis.sde\egis.MIS.buildings,PART_ID,-1,-1;PART_USE "PART_USE" true true false 2 Text 0 0 ,First,#,Database Connections\GISVIEWER@egis@cobvsqlgis.sde\egis.MIS.buildings,PART_USE,-1,-1;PART_BRA_U "PART_BRA_USE" true true false 2 Text 0 0 ,First,#,Database Connections\GISVIEWER@egis@cobvsqlgis.sde\egis.MIS.buildings,PART_BRA_USE,-1,-1;PART_CONTA "PART_CONTACT" true true false 50 Text 0 0 ,First,#,Database Connections\GISVIEWER@egis@cobvsqlgis.sde\egis.MIS.buildings,PART_CONTACT,-1,-1;PART_STATU "PART_STATUS" true true false 10 Text 0 0 ,First,#,Database Connections\GISVIEWER@egis@cobvsqlgis.sde\egis.MIS.buildings,PART_STATUS,-1,-1;PART_VIEW "PART_VIEW" true true false 10 Text 0 0 ,First,#,Database Connections\GISVIEWER@egis@cobvsqlgis.sde\egis.MIS.buildings,PART_VIEW,-1,-1;PART_FOOT "PART_FOOT" true true false 8 Double 8 38 ,First,#,Database Connections\GISVIEWER@egis@cobvsqlgis.sde\egis.MIS.buildings,PART_FOOT,-1,-1;PART_ROOF "PART_ROOF" true true false 8 Double 8 38 ,First,#,Database Connections\GISVIEWER@egis@cobvsqlgis.sde\egis.MIS.buildings,PART_ROOF,-1,-1;PART_HEIGH "PART_HEIGHT" true true false 8 Double 8 38 ,First,#,Database Connections\GISVIEWER@egis@cobvsqlgis.sde\egis.MIS.buildings,PART_HEIGHT,-1,-1;PART_FLOOR "PART_FLOORS" true true false 6 Text 0 0 ,First,#,Database Connections\GISVIEWER@egis@cobvsqlgis.sde\egis.MIS.buildings,PART_FLOORS,-1,-1;PART_GROSS "PART_GROSS" true true false 8 Double 8 38 ,First,#,Database Connections\GISVIEWER@egis@cobvsqlgis.sde\egis.MIS.buildings,PART_GROSS,-1,-1;PART_CENTE "PART_CENTER" true true false 8 Double 8 38 ,First,#,Database Connections\GISVIEWER@egis@cobvsqlgis.sde\egis.MIS.buildings,PART_CENTER,-1,-1;PART_CEN_1 "PART_CENTER_1" true true false 8 Double 8 38 ,First,#,Database Connections\GISVIEWER@egis@cobvsqlgis.sde\egis.MIS.buildings,PART_CENTER_1,-1,-1;GROUND_ELE "GROUND_ELEVATION_2010" true true false 8 Double 8 38 ,First,#,Database Connections\GISVIEWER@egis@cobvsqlgis.sde\egis.MIS.buildings,GROUND_ELEVATION_2010,-1,-1;ROOF_ELEVA "ROOF_ELEVATION_2010" true true false 8 Double 8 38 ,First,#,Database Connections\GISVIEWER@egis@cobvsqlgis.sde\egis.MIS.buildings,ROOF_ELEVATION_2010,-1,-1;BUILDING_H "BUILDING_HEIGHT_2010" true true false 8 Double 8 38 ,First,#,Database Connections\GISVIEWER@egis@cobvsqlgis.sde\egis.MIS.buildings,BUILDING_HEIGHT_2010,-1,-1;IEL_TYPE "IEL_TYPE" true true false 50 Text 0 0 ,First,#,Database Connections\GISVIEWER@egis@cobvsqlgis.sde\egis.MIS.buildings,IEL_TYPE,-1,-1;BASE_ELEVA "BASE_ELEVATION" true true false 8 Double 8 38 ,First,#,Database Connections\GISVIEWER@egis@cobvsqlgis.sde\egis.MIS.buildings,BASE_ELEVATION,-1,-1;ELEVATION_ "ELEVATION_SEA_LEVEL" true true false 8 Double 8 38 ,First,#,Database Connections\GISVIEWER@egis@cobvsqlgis.sde\egis.MIS.buildings,ELEVATION_SEA_LEVEL,-1,-1;TOP_SEA_LE "TOP_SEA_LEVEL" true true false 8 Double 8 38 ,First,#,Database Connections\GISVIEWER@egis@cobvsqlgis.sde\egis.MIS.buildings,TOP_SEA_LEVEL,-1,-1;ELEVATION1 "ELEVATION_GROUND_LEVEL" true true false 8 Double 8 38 ,First,#,Database Connections\GISVIEWER@egis@cobvsqlgis.sde\egis.MIS.buildings,ELEVATION_GROUND_LEVEL,-1,-1;TOP_GROUND "TOP_GROUND_LEVEL" true true false 8 Double 8 38 ,First,#,Database Connections\GISVIEWER@egis@cobvsqlgis.sde\egis.MIS.buildings,TOP_GROUND_LEVEL,-1,-1;Shape_area "Shape.area" false false true 0 Double 0 0 ,First,#,Database Connections\GISVIEWER@egis@cobvsqlgis.sde\egis.MIS.buildings,Shape.area,-1,-1;Shape_len "Shape.len" false false true 0 Double 0 0 ,First,#,Database Connections\GISVIEWER@egis@cobvsqlgis.sde\egis.MIS.buildings,Shape.len,-1,-1" #</Process></lineage></DataProperties><SyncDate>20130813</SyncDate><SyncTime>15083600</SyncTime><ModDate>20130813</ModDate><ModTime>15083600</ModTime><ArcGISProfile>ItemDescription</ArcGISProfile><scaleRange><minScale>150000000</minScale><maxScale>5000</maxScale></scaleRange></Esri><dataIdInfo><envirDesc Sync="TRUE">Microsoft Windows 7 Version 6.1 (Build 7601) Service Pack 1; Esri ArcGIS 10.1.1.3143</envirDesc><dataLang><languageCode value="eng" Sync="TRUE"/><countryCode value="USA" Sync="TRUE"/></dataLang><idCitation><resTitle Sync="TRUE">boston_buildings</resTitle><presForm><PresFormCd value="005" Sync="TRUE"/></presForm></idCitation><spatRpType><SpatRepTypCd value="001" Sync="TRUE"/></spatRpType><dataExt><vertEle><vertMinVal Sync="TRUE">3.648870</vertMinVal><vertMaxVal Sync="TRUE">798.145376</vertMaxVal></vertEle><geoEle><GeoBndBox esriExtentType="native"><westBL Sync="TRUE">741107.958659</westBL><eastBL Sync="TRUE">811706.06779</eastBL><northBL Sync="TRUE">2970730.727759</northBL><southBL Sync="TRUE">2908786.526845</southBL><exTypeCode Sync="TRUE">1</exTypeCode></GeoBndBox></geoEle></dataExt><dataExt><geoEle xmlns=""><GeoBndBox esriExtentType="search"><exTypeCode Sync="TRUE">1</exTypeCode><westBL Sync="TRUE">-71.186368</westBL><eastBL Sync="TRUE">-70.924157</eastBL><northBL Sync="TRUE">42.399407</northBL><southBL Sync="TRUE">42.228420</southBL></GeoBndBox><GeoBndBox esriExtentType="native"><westBL Sync="TRUE">741107.958659</westBL><eastBL Sync="TRUE">811706.06779</eastBL><northBL Sync="TRUE">2970730.727759</northBL><southBL Sync="TRUE">2908786.526845</southBL><exTypeCode Sync="TRUE">1</exTypeCode></GeoBndBox></geoEle></dataExt><idAbs>&lt;DIV STYLE="text-align:Left;"&gt;&lt;DIV&gt;&lt;DIV&gt;&lt;P&gt;&lt;SPAN STYLE="font-weight:bold;"&gt;IEL_TYPE&lt;/SPAN&gt;&lt;/P&gt;&lt;P&gt;&lt;SPAN&gt;BUILDINGS - BLDG - Buildings &lt;/SPAN&gt;&lt;/P&gt;&lt;P&gt;&lt;SPAN&gt;BUILDINGS - OUTBLDG - Outbuilding (shed, detached garage, etc)&lt;/SPAN&gt;&lt;/P&gt;&lt;P&gt;&lt;SPAN&gt;BUILDINGS - FOUNDATION - Building foundation&lt;/SPAN&gt;&lt;/P&gt;&lt;P&gt;&lt;SPAN&gt;BUILDINGS - RUINS - Ruined building or structure&lt;/SPAN&gt;&lt;/P&gt;&lt;P&gt;&lt;SPAN STYLE="font-weight:bold;"&gt;FIELDS&lt;/SPAN&gt;&lt;/P&gt;&lt;P&gt;&lt;SPAN&gt;BASE_ELEVATION = Elevation of structure (NAVD88) one decimal place&lt;/SPAN&gt;&lt;/P&gt;&lt;P&gt;&lt;SPAN&gt;ELEVATION_SEA_LEVEL = Elevation of roofline edge above sea level (NAVD88) one decimal place&lt;/SPAN&gt;&lt;/P&gt;&lt;P&gt;&lt;SPAN&gt;TOP_SEA_LEVEL = Elevation of highest point above sea level (NAVD88) one decimal place&lt;/SPAN&gt;&lt;/P&gt;&lt;P&gt;&lt;SPAN&gt;ELEVATION_GROUND_LEVEL = Elevation of roofline edge above ground level (NAVD88) one decimal place&lt;/SPAN&gt;&lt;/P&gt;&lt;P&gt;&lt;SPAN&gt;TOP_GROUND_LEVEL = Elevation of highest point above ground level (NAVD88) one decimal place&lt;/SPAN&gt;&lt;/P&gt;&lt;P&gt;&lt;SPAN /&gt;&lt;/P&gt;&lt;/DIV&gt;&lt;/DIV&gt;&lt;/DIV&gt;</idAbs><geoBox esriExtentType="decdegrees"><westBL Sync="TRUE">-71.186368</westBL><eastBL Sync="TRUE">-70.924157</eastBL><northBL Sync="TRUE">42.399407</northBL><southBL Sync="TRUE">42.22842</southBL><exTypeCode Sync="TRUE">1</exTypeCode></geoBox><idCredit>The GIS Data provided by City of Boston may be confidential, legally privileged and/or exempt from disclosure pursuant to Massachusetts law. It is intended solely for planning purposes. This data cannot be disseminated, distributed, or copied.

</idCredit><searchKeys><keyword>boston</keyword><keyword>buildings</keyword></searchKeys></dataIdInfo><mdLang><languageCode value="eng" Sync="TRUE"/><countryCode value="USA" Sync="TRUE"/></mdLang><mdChar><CharSetCd value="004" Sync="TRUE"/></mdChar><distInfo><distFormat><formatName Sync="TRUE">Shapefile</formatName></distFormat><distributor><distorTran><onLineSrc><orDesc Sync="TRUE">002</orDesc><linkage Sync="TRUE">file://Service=sde:sqlserver:cobvsql; Database=EGIS; User=mis; Version=sde.DEFAULT</linkage><protocol Sync="TRUE">Local Area Network</protocol></onLineSrc></distorTran><distorFormat><formatName Sync="TRUE">SDE Feature Class</formatName></distorFormat></distributor><distTranOps><transSize Sync="TRUE">0.000</transSize></distTranOps></distInfo><mdHrLv><ScopeCd value="005" Sync="TRUE"/></mdHrLv><mdHrLvName Sync="TRUE">dataset</mdHrLvName><refSysInfo><RefSystem><refSysID><identCode code="2249" Sync="TRUE" value="2249">NAD_1983_StatePlane_Massachusetts_Mainland_FIPS_2001_Feet</identCode><idCodeSpace Sync="TRUE">EPSG</idCodeSpace><idVersion Sync="TRUE">7.11.2</idVersion></refSysID></RefSystem></refSysInfo><spatRepInfo><VectSpatRep><geometObjs Name="boston_buildings"><geoObjTyp><GeoObjTypCd value="002" Sync="TRUE"></GeoObjTypCd></geoObjTyp><geoObjCnt Sync="TRUE">0</geoObjCnt></geometObjs><topLvl><TopoLevCd value="001" Sync="TRUE"></TopoLevCd></topLvl></VectSpatRep></spatRepInfo><spdoinfo><direct Sync="TRUE">Vector</direct><ptvctinf><esriterm Name="boston_buildings"><efeatyp Sync="TRUE">Simple</efeatyp><efeageom code="4" Sync="TRUE"></efeageom><esritopo Sync="TRUE">FALSE</esritopo><efeacnt Sync="TRUE">0</efeacnt><spindex Sync="TRUE">FALSE</spindex><linrefer Sync="TRUE">TRUE</linrefer></esriterm></ptvctinf></spdoinfo><eainfo><detailed Name="boston_buildings"><enttyp><enttypl Sync="TRUE">boston_buildings</enttypl><enttypt Sync="TRUE">Feature Class</enttypt><enttypc Sync="TRUE">0</enttypc></enttyp><attr><attrlabl Sync="TRUE">FID</attrlabl><attalias Sync="TRUE">FID</attalias><attrtype Sync="TRUE">OID</attrtype><attwidth Sync="TRUE">4</attwidth><atprecis Sync="TRUE">0</atprecis><attscale Sync="TRUE">0</attscale><attrdef Sync="TRUE">Internal feature number.</attrdef><attrdefs Sync="TRUE">Esri</attrdefs><attrdomv><udom Sync="TRUE">Sequential unique whole numbers that are automatically generated.</udom></attrdomv></attr><attr><attrlabl Sync="TRUE">SHAPE</attrlabl><attalias Sync="TRUE">Shape</attalias><attrtype Sync="TRUE">Geometry</attrtype><attwidth Sync="TRUE">0</attwidth><atprecis Sync="TRUE">0</atprecis><attscale Sync="TRUE">0</attscale><attrdef Sync="TRUE">Feature geometry.</attrdef><attrdefs Sync="TRUE">ESRI</attrdefs><attrdomv><udom Sync="TRUE">Coordinates defining the features.</udom></attrdomv></attr><attr><attrlabl Sync="TRUE">BUILDING_I</attrlabl><attalias Sync="TRUE">BUILDING_I</attalias><attrtype Sync="TRUE">String</attrtype><attwidth Sync="TRUE">30</attwidth><atprecis Sync="TRUE">0</atprecis><attscale Sync="TRUE">0</attscale></attr><attr><attrlabl Sync="TRUE">PARCEL_ID</attrlabl><attalias Sync="TRUE">PARCEL_ID</attalias><attrtype Sync="TRUE">String</attrtype><attwidth Sync="TRUE">10</attwidth><atprecis Sync="TRUE">0</atprecis><attscale Sync="TRUE">0</attscale></attr><attr><attrlabl Sync="TRUE">ADDRESS_ID</attrlabl><attalias Sync="TRUE">ADDRESS_ID</attalias><attrtype Sync="TRUE">String</attrtype><attwidth Sync="TRUE">50</attwidth><atprecis Sync="TRUE">0</atprecis><attscale Sync="TRUE">0</attscale></attr><attr><attrlabl Sync="TRUE">PART_ADDRE</attrlabl><attalias Sync="TRUE">PART_ADDRE</attalias><attrtype Sync="TRUE">String</attrtype><attwidth Sync="TRUE">50</attwidth><atprecis Sync="TRUE">0</atprecis><attscale Sync="TRUE">0</attscale></attr><attr><attrlabl Sync="TRUE">PART_ID</attrlabl><attalias Sync="TRUE">PART_ID</attalias><attrtype Sync="TRUE">String</attrtype><attwidth Sync="TRUE">30</attwidth><atprecis Sync="TRUE">0</atprecis><attscale Sync="TRUE">0</attscale></attr><attr><attrlabl Sync="TRUE">PART_USE</attrlabl><attalias Sync="TRUE">PART_USE</attalias><attrtype Sync="TRUE">String</attrtype><attwidth Sync="TRUE">2</attwidth><atprecis Sync="TRUE">0</atprecis><attscale Sync="TRUE">0</attscale></attr><attr><attrlabl Sync="TRUE">PART_BRA_U</attrlabl><attalias Sync="TRUE">PART_BRA_U</attalias><attrtype Sync="TRUE">String</attrtype><attwidth Sync="TRUE">2</attwidth><atprecis Sync="TRUE">0</atprecis><attscale Sync="TRUE">0</attscale></attr><attr><attrlabl Sync="TRUE">PART_CONTA</attrlabl><attalias Sync="TRUE">PART_CONTA</attalias><attrtype Sync="TRUE">String</attrtype><attwidth Sync="TRUE">50</attwidth><atprecis Sync="TRUE">0</atprecis><attscale Sync="TRUE">0</attscale></attr><attr><attrlabl Sync="TRUE">PART_STATU</attrlabl><attalias Sync="TRUE">PART_STATU</attalias><attrtype Sync="TRUE">String</attrtype><attwidth Sync="TRUE">10</attwidth><atprecis Sync="TRUE">0</atprecis><attscale Sync="TRUE">0</attscale></attr><attr><attrlabl Sync="TRUE">PART_VIEW</attrlabl><attalias Sync="TRUE">PART_VIEW</attalias><attrtype Sync="TRUE">String</attrtype><attwidth Sync="TRUE">10</attwidth><atprecis Sync="TRUE">0</atprecis><attscale Sync="TRUE">0</attscale></attr><attr><attrlabl Sync="TRUE">PART_FOOT</attrlabl><attalias Sync="TRUE">PART_FOOT</attalias><attrtype Sync="TRUE">Double</attrtype><attwidth Sync="TRUE">19</attwidth><atprecis Sync="TRUE">18</atprecis><attscale Sync="TRUE">8</attscale></attr><attr><attrlabl Sync="TRUE">PART_ROOF</attrlabl><attalias Sync="TRUE">PART_ROOF</attalias><attrtype Sync="TRUE">Double</attrtype><attwidth Sync="TRUE">19</attwidth><atprecis Sync="TRUE">18</atprecis><attscale Sync="TRUE">8</attscale></attr><attr><attrlabl Sync="TRUE">PART_HEIGH</attrlabl><attalias Sync="TRUE">PART_HEIGH</attalias><attrtype Sync="TRUE">Double</attrtype><attwidth Sync="TRUE">19</attwidth><atprecis Sync="TRUE">18</atprecis><attscale Sync="TRUE">8</attscale></attr><attr><attrlabl Sync="TRUE">PART_FLOOR</attrlabl><attalias Sync="TRUE">PART_FLOOR</attalias><attrtype Sync="TRUE">String</attrtype><attwidth Sync="TRUE">6</attwidth><atprecis Sync="TRUE">0</atprecis><attscale Sync="TRUE">0</attscale></attr><attr><attrlabl Sync="TRUE">PART_GROSS</attrlabl><attalias Sync="TRUE">PART_GROSS</attalias><attrtype Sync="TRUE">Double</attrtype><attwidth Sync="TRUE">19</attwidth><atprecis Sync="TRUE">18</atprecis><attscale Sync="TRUE">8</attscale></attr><attr><attrlabl Sync="TRUE">PART_CENTE</attrlabl><attalias Sync="TRUE">PART_CENTE</attalias><attrtype Sync="TRUE">Double</attrtype><attwidth Sync="TRUE">19</attwidth><atprecis Sync="TRUE">18</atprecis><attscale Sync="TRUE">8</attscale></attr><attr><attrlabl Sync="TRUE">PART_CEN_1</attrlabl><attalias Sync="TRUE">PART_CEN_1</attalias><attrtype Sync="TRUE">Double</attrtype><attwidth Sync="TRUE">19</attwidth><atprecis Sync="TRUE">18</atprecis><attscale Sync="TRUE">8</attscale></attr><attr><attrlabl Sync="TRUE">GROUND_ELE</attrlabl><attalias Sync="TRUE">GROUND_ELE</attalias><attrtype Sync="TRUE">Double</attrtype><attwidth Sync="TRUE">19</attwidth><atprecis Sync="TRUE">18</atprecis><attscale Sync="TRUE">8</attscale></attr><attr><attrlabl Sync="TRUE">ROOF_ELEVA</attrlabl><attalias Sync="TRUE">ROOF_ELEVA</attalias><attrtype Sync="TRUE">Double</attrtype><attwidth Sync="TRUE">19</attwidth><atprecis Sync="TRUE">18</atprecis><attscale Sync="TRUE">8</attscale></attr><attr><attrlabl Sync="TRUE">BUILDING_H</attrlabl><attalias Sync="TRUE">BUILDING_H</attalias><attrtype Sync="TRUE">Double</attrtype><attwidth Sync="TRUE">19</attwidth><atprecis Sync="TRUE">18</atprecis><attscale Sync="TRUE">8</attscale></attr><attr><attrlabl Sync="TRUE">IEL_TYPE</attrlabl><attalias Sync="TRUE">IEL_TYPE</attalias><attrtype Sync="TRUE">String</attrtype><attwidth Sync="TRUE">50</attwidth><atprecis Sync="TRUE">0</atprecis><attscale Sync="TRUE">0</attscale></attr><attr><attrlabl Sync="TRUE">BASE_ELEVA</attrlabl><attalias Sync="TRUE">BASE_ELEVA</attalias><attrtype Sync="TRUE">Double</attrtype><attwidth Sync="TRUE">19</attwidth><atprecis Sync="TRUE">18</atprecis><attscale Sync="TRUE">8</attscale></attr><attr><attrlabl Sync="TRUE">ELEVATION_</attrlabl><attalias Sync="TRUE">ELEVATION_</attalias><attrtype Sync="TRUE">Double</attrtype><attwidth Sync="TRUE">19</attwidth><atprecis Sync="TRUE">18</atprecis><attscale Sync="TRUE">8</attscale></attr><attr><attrlabl Sync="TRUE">TOP_SEA_LE</attrlabl><attalias Sync="TRUE">TOP_SEA_LE</attalias><attrtype Sync="TRUE">Double</attrtype><attwidth Sync="TRUE">19</attwidth><atprecis Sync="TRUE">18</atprecis><attscale Sync="TRUE">8</attscale></attr><attr><attrlabl Sync="TRUE">ELEVATION1</attrlabl><attalias Sync="TRUE">ELEVATION1</attalias><attrtype Sync="TRUE">Double</attrtype><attwidth Sync="TRUE">19</attwidth><atprecis Sync="TRUE">18</atprecis><attscale Sync="TRUE">8</attscale></attr><attr><attrlabl Sync="TRUE">TOP_GROUND</attrlabl><attalias Sync="TRUE">TOP_GROUND</attalias><attrtype Sync="TRUE">Double</attrtype><attwidth Sync="TRUE">19</attwidth><atprecis Sync="TRUE">18</atprecis><attscale Sync="TRUE">8</attscale></attr><attr><attrlabl Sync="TRUE">Shape_area</attrlabl><attalias Sync="TRUE">Shape_area</attalias><attrtype Sync="TRUE">Double</attrtype><attwidth Sync="TRUE">19</attwidth><atprecis Sync="TRUE">0</atprecis><attscale Sync="TRUE">0</attscale><attrdef Sync="TRUE">Area of feature in internal units squared.</attrdef><attrdefs Sync="TRUE">Esri</attrdefs><attrdomv><udom Sync="TRUE">Positive real numbers that are automatically generated.</udom></attrdomv></attr><attr><attrlabl Sync="TRUE">Shape_len</attrlabl><attalias Sync="TRUE">Shape_len</attalias><attrtype Sync="TRUE">Double</attrtype><attwidth Sync="TRUE">19</attwidth><atprecis Sync="TRUE">0</atprecis><attscale Sync="TRUE">0</attscale></attr></detailed></eainfo><mdDateSt Sync="TRUE">20130813</mdDateSt><idinfo><native Sync="TRUE">Microsoft Windows Vista Version 6.1 (Build 7601) Service Pack 1; ESRI ArcCatalog 9.3.1.3500</native><descript><langdata Sync="TRUE">en</langdata></descript><citation><citeinfo><title Sync="TRUE">egis.MIS.buildings</title><ftname Sync="TRUE">egis.MIS.building_footprint</ftname><geoform Sync="TRUE">vector digital data</geoform><onlink Sync="TRUE">Service=sde:sqlserver:cobvsql; Database=EGIS; User=mis; Version=sde.DEFAULT</onlink></citeinfo></citation><natvform Sync="TRUE">SDE Feature Class</natvform><spdom><lboundng><leftbc Sync="TRUE">741107.958659</leftbc><rightbc Sync="TRUE">811706.067790</rightbc><bottombc Sync="TRUE">2908786.526845</bottombc><topbc Sync="TRUE">2970730.727759</topbc></lboundng><minalti Sync="TRUE">3.648870</minalti><maxalti Sync="TRUE">798.145376</maxalti><bounding><westbc Sync="TRUE">-71.186368</westbc><eastbc Sync="TRUE">-70.924157</eastbc><northbc Sync="TRUE">42.399407</northbc><southbc Sync="TRUE">42.228420</southbc></bounding></spdom></idinfo><metainfo><langmeta Sync="TRUE">en</langmeta><metstdn Sync="TRUE">FGDC Content Standards for Digital Geospatial Metadata</metstdn><metstdv Sync="TRUE">FGDC-STD-001-1998</metstdv><mettc Sync="TRUE">local time</mettc><metd Sync="TRUE">20130104</metd></metainfo><mdStanName Sync="TRUE">ISO 19115 Geographic Information - Metadata</mdStanName><mdStanVer Sync="TRUE">DIS_ESRI1.0</mdStanVer><distinfo><resdesc Sync="TRUE">Downloadable Data</resdesc></distinfo><spref><horizsys><cordsysn><geogcsn Sync="TRUE">GCS_North_American_1983</geogcsn><projcsn Sync="TRUE">NAD_1983_StatePlane_Massachusetts_Mainland_FIPS_2001_Feet</projcsn></cordsysn><planar><planci><plance Sync="TRUE">coordinate pair</plance><plandu Sync="TRUE">survey feet</plandu><coordrep><absres Sync="TRUE">0.000328</absres><ordres Sync="TRUE">0.000328</ordres></coordrep></planci></planar><geodetic><horizdn Sync="TRUE">North American Datum of 1983</horizdn><ellips Sync="TRUE">Geodetic Reference System 80</ellips><semiaxis Sync="TRUE">6378137.000000</semiaxis><denflat Sync="TRUE">298.257222</denflat></geodetic></horizsys><vertdef><altsys><altenc Sync="TRUE">Explicit elevation coordinate included with horizontal coordinates</altenc><altres Sync="TRUE">0.000000</altres></altsys></vertdef></spref></metadata>
